{
  "news": [
    {
      "title": "Hóa đơn điện tử ngày 26/08/2025",
      "category": "Thông báo chung",
      "date": "2025-08-26"
    },
    {
      "title": "Thông báo nghỉ 29/04/2025",
      "category": "Thông báo chung",
      "date": "2025-04-29"
    },
    {
      "title": "Danh mục thu học phí HK1 2024-2025",
      "category": "Thông báo học phí",
      "date": "2024-09-20"
    },
    {
      "title": "Hướng dẫn nộp học phí online",
      "category": "Thông báo học phí",
      "date": "2024-09-20"
    },
    {
      "title": "Biểu mẫu xác nhận SV",
      "category": "Các biểu mẫu",
      "date": "2024-09-20"
    }
  ]
}